farms_id,ponds_id,cycles_id,province,regency,timezone,length,width,deep,total_seed,started_at,finished_at,area,padat_tebar,cycle_day_count,count_feed,sum_feed_weight,count_fasting,sum_size_per_kg,sum_weight_biomassa,sum_biomassa,avg_morning_temperature,avg_evening_temperature,avg_morning_do,avg_evening_do,avg_morning_salinity,avg_evening_salinity,avg_morning_pH,avg_evening_pH,avg_transparency,avg_ammonia,avg_nitrate,avg_nitrite,avg_alkalinity,avg_hardness,avg_calcium,avg_magnesium,avg_carbonate,avg_bicarbonate,avg_tom,avg_total_plankton,ADG,SR,FCR
8393,39725,15434,JAWA BARAT,CIREBON,+07:00,38.0,18.0,1.0,75000,2018-06-08 00:00:00.000000 UTC,2018-09-26 00:00:00.000000 UTC,684.0,109.64912280701755,110,108,1656.1999999999989,1.0,63.0,300.0,18900.0,,,,,,,8.0,8.3,43.5,,,,,,,,,,,,0.17380423280423282,25.2,5.5206666666666626
10239,38470,15067,JAWA TIMUR,JEMBER,+07:00,33.0,33.0,1.0,100000,2023-01-21 00:00:00.000000 UTC,2023-04-02 00:00:00.000000 UTC,700.0,142.85714285714286,71,222,468.90000000000009,4.0,350.0,173.0,60550.0,29.184723684210525,31.177291666666672,4.6268815789473683,5.9637916666666664,15.308605263157895,14.601277777777778,7.9477763157894712,7.58,15.0,,,,,,,,,,,,0.067857142857142852,60.550000000000004,2.7104046242774573
10255,32505,15773,JAWA TIMUR,JEMBER,+07:00,25.0,30.0,1.5,75000,2022-04-29 00:00:00.000000 UTC,2022-07-22 00:00:00.000000 UTC,1500.0,50.0,84,283,730.30999999999972,1.0,80.0,95.8,7664.0,27.835690763048188,29.539054878048773,5.2746506024096389,7.1355731707317078,22.967570281132531,22.923457317073176,7.7121566265060242,7.9711428571428575,,0.041428571428571426,,0.99242857142857133,139.71428571428572,4620.0,740.0,3880.0,,138.0,58.048,339166.66666666669,0.19,10.218666666666666,7.6232776617954041
9789,19637,20664,KEPULAUAN BANGKA BELITUNG,BANGKA,+07:00,20.0,15.0,1.3,150000,2021-10-08 00:00:00.000000 UTC,2022-01-05 00:00:00.000000 UTC,300.0,500.0,89,84,1658.3000000000004,5.0,88.0,76.93,6769.84,28.766666666666666,30.255555555555546,4.76,4.6051388888888889,28.859154929577475,28.845070422535215,7.8957746478873219,8.18695652173913,30.902777777777786,,,,,,,,,,,,0.12999999999999998,4.5132266666666672,21.555959963603279
6081,36293,16052,JAWA TENGAH,CILACAP,+07:00,65.0,62.0,1.0,340200,2022-10-14 00:00:00.000000 UTC,2023-02-02 00:00:00.000000 UTC,4030.0,84.416873449131515,111,492,6729.5,6.0,168.0,3400.5,186433.80000000002,27.859756097560968,30.092261904761912,5.3670731707317065,5.7023529411764713,24.444444444444443,23.2,7.7742857142857158,8.127272727272727,41.611111111111128,,,,,,,,,,,,0.21779761904761905,54.801234567901233,1.9789736803411262
6142,32185,19366,ACEH,PIDIE JAYA,+07:00,35.0,31.4,1.0,100000,2022-06-24 00:00:00.000000 UTC,2022-10-03 00:00:00.000000 UTC,1015.0,98.522167487684726,101,451,1647.9,0.0,104.0,565.0,29380.0,27.023757575757564,29.45872340425532,4.79688775510204,6.068032258064517,29.678353535353537,29.499978723404254,7.8865050505050514,8.1769166666666671,,,,,,,,,,,,,0.26990476190476193,29.38,2.9166371681415932
8503,12664,18673,,,+07:00,36.51,27.39,1.2,76000,2022-02-19 00:00:00.000000 UTC,2022-05-22 00:00:00.000000 UTC,1000.0,76.0,92,394,1399.6000000000017,,48.0,161.7,7761.5999999999995,21.077906976744192,23.919277108433732,,,17.080232558139539,17.210843373493972,8.1140697674418583,,,,,,,,,,,,,,0.21441025641025638,10.212631578947368,8.6555349412492379
1000,23701,19253,JAWA TIMUR,SITUBONDO,+07:00,32.46,24.34,1.5,60000,2021-09-17 00:00:00.000000 UTC,2021-12-11 00:00:00.000000 UTC,790.08,75.941676792223575,85,85,1109.9,1.0,53.0,250.0,13250.0,28.351017441860463,31.920292682926835,5.66322156862353,5.7559573170731682,17.17116472868604,16.560615853658536,7.4116162790697651,7.8049736842105268,,,,,,,,,,,,,0.39385714285714291,22.083333333333332,4.4396
8052,31478,15219,JAWA BARAT,CIREBON,+07:00,32.0,31.25,150.0,202742,2022-06-03 00:00:00.000000 UTC,2022-08-05 00:00:00.000000 UTC,1000.0,202.742,63,228,919.98999999999955,6.0,172.22,322.35,27757.5585,26.591803278688527,29.028813559322028,,,29.451612903225811,,10.690163934426225,8.6016666666666648,48.016129032258071,,,0.0365,111.6153846153846,5376.416666666667,389.75,1211.8333333333333,14.153846153846153,97.461538461538453,90.923076923076934,1313333.3333333333,0.16238095238095243,13.691074617000917,2.8540096168760649
8316,34427,15502,JAWA TENGAH,CILACAP,+07:00,40.0,40.0,1.0,116312,2022-09-19 00:00:00.000000 UTC,2022-11-12 00:00:00.000000 UTC,1600.0,72.695,54,210,535.39999999999964,1.0,233.8,289.1,33795.790000000008,29.107900000000004,32.196553571428574,4.7650818181818169,8.29744642857143,10.559472727272727,9.9753928571428556,7.9637636363636375,7.635,30.516129032258064,0.15000000000000002,0.0,0.0058571428571428576,206.75571428571428,2079.0,257.74999999999994,709.62500000000011,796.245,226.62,99.4975,152508.75,0.33730158730158732,29.056150698122295,1.8519543410584558
8385,12087,13791,,,+07:00,46.19,34.64,1.6,223000,2022-10-01 00:00:00.000000 UTC,2022-12-09 00:00:00.000000 UTC,1600.0,139.375,69,73,2082.0030000000006,4.0,77.0,937.89,72217.53,,30.2,,3.55,,,,,,,,,,,,,,,,,0.25666666666666665,32.384542600896857,2.2198797300323072
8470,34698,17404,JAWA TENGAH,CILACAP,+07:00,70.71,70.71,1.5,250000,2022-11-19 00:00:00.000000 UTC,2023-01-20 00:00:00.000000 UTC,4999.9,50.001000020000404,62,280,3306.0,,10.7,90.7,970.49,30.604093567245616,30.619396551724144,4.60077380955357,5.9419499178965527,33.0,,,,28.333333333333332,,,0.0955,219.0,,,,,,,,0.28314285714285714,0.388196,36.449834619625136
9044,32214,16050,JAWA TIMUR,SUMENEP,+07:00,36.51,27.39,1.4,130000,2022-04-20 00:00:00.000000 UTC,2022-06-26 00:00:00.000000 UTC,1000.0,130.0,67,199,534.51,3.0,123.0,300.0,36900.0,28.229365384615388,29.965250000000005,6.1409878048780486,7.1280769230769225,10.176913461538463,9.9803461538461526,7.7732307692307687,8.1497142857142855,,0.024,,1.212,146.0,3300.0,800.0,2500.0,4.0,142.0,38.0,485000.0,0.51666666666666661,28.384615384615387,1.7817
8330,32259,15304,JAWA BARAT,CIREBON,+07:00,30.0,30.0,1.0,150000,2022-09-05 00:00:00.000000 UTC,2022-11-08 00:00:00.000000 UTC,900.0,166.66666666666666,64,178,1232.9999999999995,,179.0,220.76,19730.4,28.789409836065577,30.621370689655169,4.9194098360655723,5.9059568965517268,17.93827049180328,17.713344827586209,7.8903934426229494,8.2360357142857143,,0.031999999999999994,,0.36971428571428572,122.0,3985.7142857142853,657.14285714285722,3328.5714285714284,21.0,110.00000000000001,87.0,510000.0,0.264,13.1536,5.5852509512592841
8371,32296,19687,JAWA TENGAH,CILACAP,+07:00,59.0,35.0,1.0,100000,2022-05-29 00:00:00.000000 UTC,2022-07-27 00:00:00.000000 UTC,2065.0,48.426150121065376,59,149,413.5,10.0,208.0,74.0,15392.0,27.319525423728813,29.782305084745758,4.4999152542372896,8.4402542372881388,12.387169491525425,10.574101694915255,8.15169491525424,8.1933125000000011,,,0.70000000000000007,0.0,277.33333333333331,,,,2.666666666666667,274.66666666666669,94.213333333333338,7800000.0,0.15833333333333335,15.392,5.5878378378378377
8755,6740,16332,,,+07:00,63.25,47.43,2.0,1377414,2022-05-11 00:00:00.000000 UTC,2022-09-09 00:00:00.000000 UTC,4500.0,306.092,121,119,29497.9,3.0,26.53,10369.1,275092.223,28.5,,4.4,,29.0,29.0,7.3428571428571425,7.5236363636363635,,0.014466666666666668,27.5,1.7607142857142859,130.0,,,,,,,,0.42010989010989008,19.971644182504317,2.84478884377622
8383,25578,20742,,,+07:00,47.61,35.71,1.7,228000,2022-10-22 00:00:00.000000 UTC,2023-01-02 00:00:00.000000 UTC,1700.15,134.10581419286532,72,448,2656.9999999999991,2.0,330.59999999999997,1771.4199999999998,113833.362,27.933333333333334,29.0,,,16.4,26.0,7.6466666666666665,,,,0.0,0.05,260.0,,,,,233.33333333333334,58.0,236666.66666666669,0.33533333333333332,49.926913157894738,1.4999266125481248
8921,18213,18396,JAWA TIMUR,JEMBER,+07:00,44.78,44.78,1.5,300000,2022-04-14 00:00:00.000000 UTC,2022-07-04 00:00:00.000000 UTC,1504.0,199.46808510638297,81,79,1924.0,3.0,104.0,777.16,36100.600000000006,26.361538461538458,110.49909090909092,7.3142857142857141,16.436363636363634,192.3,20.036363636363635,8.555,8.74,43.28125,,,,,,,,,,,,0.30657738095238096,12.033533333333335,2.4756806835143341
10806,38502,18233,,,+07:00,60.0,24.0,1.0,150000,2023-02-20 00:00:00.000000 UTC,2023-04-26 00:00:00.000000 UTC,1440.0,104.16666666666667,65,138,534.5,9.0,190.0,135.0,25650.0,28.895,31.814250000000005,4.3946969696969695,5.784,16.801951219512198,16.478125000000002,8.1840000000000011,8.3623076923076951,,,,,,,,,,,,,0.12545454545454546,17.1,3.9592592592592593
8326,36656,20294,JAWA TENGAH,CILACAP,+07:00,48.5,37.3,1.1,70000,2023-03-04 00:00:00.000000 UTC,2023-05-09 00:00:00.000000 UTC,1800.0,38.888888888888886,66,208,528.39999999999986,10.0,103.0,215.0,22145.0,29.461282051282055,30.86296296296296,6.8666666666666663,6.14,5.5558139534883715,6.017391304347826,7.8634883720930233,7.9313043478260861,35.053571428571423,,,0.73333333333333339,148.21428571428572,475.71428571428572,,,,,,,0.244,31.635714285714283,2.4576744186046504
8332,31333,14824,JAWA TENGAH,CILACAP,+07:00,3.5,2.0,0.9,2543,2022-03-20 00:00:00.000000 UTC,2022-07-04 00:00:00.000000 UTC,7.0,363.28571428571428,106,396,17.325000000000088,,100.0,0.59,59.0,26.955666666666659,28.334022988505758,5.9373333333333358,5.61653465346535,15.411904761904761,15.388118811881192,8.40495238095238,8.3430555555555568,,,,,,,,,,,,,-0.072767857142857134,2.3200943767204092,29.364406779661167
8409,30349,15006,,,+07:00,20.0,20.0,1.2,60000,2022-04-20 00:00:00.000000 UTC,2022-07-04 00:00:00.000000 UTC,400.0,150.0,75,78,1260.75,,84.0,641.0,53844.0,27.4138,30.275805555555554,2.1602357142857143,5.66925,11.458399999999997,9.9465277777777779,8.0812285714285679,7.21,35.753205128211533,0.043333333333333335,,3.0,357.0,,,,,,,,0.17189952904238617,89.74,1.9668486739469579
8530,34491,23362,JAWA TENGAH,CILACAP,+07:00,33.0,32.0,1.8,430056,2023-03-11 00:00:00.000000 UTC,2023-05-28 00:00:00.000000 UTC,1056.0,407.25,78,278,1671.1000000000004,4.0,302.6,245.92000000000002,12896.82,,,,,,,,6.6,,,,,,,,,,,,,0.46967741935483864,2.9988699146157707,6.7952992843201052
10672,31247,19534,,,+07:00,32.0,32.0,1.2,144900,2022-03-30 00:00:00.000000 UTC,2022-06-18 00:00:00.000000 UTC,1024.0,141.50390625,80,394,2036.0,2.0,58.0,835.0,48430.0,28.202531645569618,,7.2,,24.721518987341767,,7.8136708860759487,,45.316455696202524,,,,,,,,,,,,0.36539285714285719,33.423050379572118,2.4383233532934132
5108,32200,17885,JAWA TIMUR,GRESIK,+07:00,30.0,20.0,1.0,110000,2022-09-17 00:00:00.000000 UTC,2022-12-20 00:00:00.000000 UTC,600.0,183.33333333333334,94,483,2282.2999999999956,4.0,41.5,1120.0,46480.0,27.46522580645162,29.668181818181825,4.6284838709677434,5.3406097560975621,26.211827956989247,25.80306818181818,7.842612903225807,8.1666666666666661,,,,,,,,,,,,,0.36835034013605439,42.254545454545458,2.0377678571428532
5992,32250,19671,JAWA TENGAH,PEMALANG,+07:00,30.0,50.0,1.0,135000,2022-09-19 00:00:00.000000 UTC,2022-11-22 00:00:00.000000 UTC,1500.0,90.0,64,195,1203.0,1.0,74.0,400.0,29600.0,28.866766129032271,30.687508771929821,5.655927419354839,6.83138596491228,15.614814516129034,15.724710526315794,7.932838709677422,8.261000000000001,,,,,,,,,,,,,0.42857142857142855,21.925925925925927,3.0075
8405,31447,18740,,,+07:00,53.14,39.86,1.2,169702,2022-05-15 00:00:00.000000 UTC,2022-07-23 00:00:00.000000 UTC,1000.0,169.702,69,291,382.5,5.0,167.6,98.66,16535.415999999997,27.410256410256412,29.662337662337663,,,30.1875,30.358490566037741,8.1312500000000014,8.361038961038961,58.22784810126582,,,0.036,117.77777777777777,5456.1111111111113,398.22222222222223,1229.2222222222222,6.4444444444444446,111.33333333333333,94.777777777777771,1744444.4444444445,0.11619047619047618,9.7437955946305852,3.8769511453476588
9653,21965,20667,SULAWESI SELATAN,PINRANG,+08:00,57.74,43.3,1.5,312500,2021-04-07 00:00:00.000000 UTC,2021-07-29 00:00:00.000000 UTC,2500.0,125.0,113,445,6749.7999999999956,,86.64,2467.23,106880.40359999999,30.450458715596326,29.150891089108907,5.50302752293578,5.3436633663366324,24.428571428571427,,7.9071171171171173,8.4522522522522561,36.459090909090904,70.0,0.2,0.081875,129.05882352941177,3792.6976470588233,191.47058823529412,806.94117647058829,10.52941176470588,118.5294117647059,90.666,221315.78947368418,0.25995421245421241,34.201729152,2.7357806122655752
2410,36814,19686,JAWA TENGAH,CILACAP,+07:00,32.0,32.0,1.3,312047,2022-11-15 00:00:00.000000 UTC,2023-02-09 00:00:00.000000 UTC,803.84,388.195412022293,86,455,3926.8860000000013,0.0,527.4,808.08,62995.65,28.583448453608245,28.987559139784945,4.1355312500000005,4.6792473118279529,30.46146276595745,30.845714285714283,7.4190360824742267,7.91,40.812500000000021,0.023857142857142855,40.357142857142861,0.17857142857142855,115.07692307692308,5542.8571428571422,401.42857142857144,1601.7857142857144,0.0,115.07692307692308,124.28571428571429,726554.16351351351,0.36461904761904768,20.187872339743691,4.8595262845262859
8408,40876,21023,,,+07:00,222.5,40.0,1.5,985776,2023-01-01 00:00:00.000000 UTC,2023-04-02 00:00:00.000000 UTC,8900.0,110.76134831460674,91,380,11692.0,,88.0,8555.0,752840.0,29.393269230769228,31.747572815533974,4.0141414141414149,7.59090909090909,28.737864077669904,32.0,7.778217821782178,,45.899038461538474,0.015189873417721517,0.0,0.042857142857142858,113.93617021276594,,,,,,,,0.19428571428571423,76.370291019460808,1.3666861484511981
3593,34187,11081,JAWA TIMUR,PROBOLINGGO,+07:00,35.0,35.0,1.2,188000,2022-07-07 00:00:00.000000 UTC,2022-09-20 00:00:00.000000 UTC,1225.0,153.46938775510205,75,306,1971.1,2.0,120.0,132.0,15840.0,27.715335616438363,29.272863013698629,5.1541575342465746,6.4357808219178079,14.010555555555552,13.788150684931509,7.9237876712328772,8.21841176470588,,0.128,,0.83750000000000013,184.0,3300.0,550.0,2750.0,3.0,182.5,83.25,421250.0,0.17045454545454547,8.4255319148936163,14.932575757575757
8307,32233,7616,JAWA BARAT,CIREBON,+07:00,30.0,30.0,1.6,100000,2022-06-24 00:00:00.000000 UTC,2022-09-15 00:00:00.000000 UTC,900.0,111.11111111111111,83,318,1416.5,2.0,54.0,500.0,27000.0,27.403035714285721,28.809357142857149,4.83275595238095,6.36067857142857,14.231720238095237,14.044035714285716,7.8852380952380932,8.1710666666666665,1.2,,,,,,,,,,,,0.29,27.0,2.833
9103,12549,20184,OUTSIDE INDONESIA,,+02:00,58.88,44.16,1.5,246500,2022-05-08 00:00:00.000000 UTC,2022-08-13 00:00:00.000000 UTC,2600.0,94.8076923076923,97,153,5749.0,1.0,53.94,1980.34,106819.53959999999,26.922413793103448,29.820689655172412,,,,,8.06896551724138,8.4058823529411786,57.488095238214285,,,,,,,,,,,,0.32190476190476192,43.334498823529408,2.903036852257693
10288,32319,22268,JAWA TIMUR,JEMBER,+07:00,25.0,30.0,1.4,500000,2022-06-09 00:00:00.000000 UTC,2022-08-15 00:00:00.000000 UTC,270.0,1851.851851851852,67,340,6887.0000000000027,,50.0,4500.0,225000.0,,,,,14.338235294117647,,7.9073529411764705,,30.0,,,,,,,,,,,,1.0714285714285714,45.0,1.5304444444444449
2652,34025,15942,JAWA TIMUR,BANYUWANGI,+07:00,26.0,16.0,1.2,50000,2023-01-21 00:00:00.000000 UTC,2023-03-29 00:00:00.000000 UTC,390.0,128.2051282051282,67,250,309.2000000000001,2.0,344.0,80.0,27520.0,28.65241428571429,30.94097142857143,5.0587142857142853,6.1426857142857143,12.199014285714284,11.4107,8.0214,7.8389999999999995,24.333333333333332,,,,,,,,,,,,0.12380952380952381,55.04,3.8650000000000011
4459,37209,12705,JAWA TENGAH,CILACAP,+07:00,26.0,25.0,1.2,50000,2023-01-15 00:00:00.000000 UTC,2023-03-12 00:00:00.000000 UTC,650.0,76.92307692307692,56,124,446.10000000000019,2.0,110.0,180.0,19800.0,28.797789473684212,30.1199,6.1762999999999995,6.1561923076923071,14.688368421052632,14.316500000000001,7.6536315789473681,7.8510416666666663,,,,,,,,,,,,,0.21846153846153846,39.6,2.4783333333333344
8333,2,17043,JAWA TENGAH,CILACAP,+07:00,37.3,29.0,1.1,118000,2022-12-15 00:00:00.000000 UTC,2023-03-15 00:00:00.000000 UTC,1082.0,109.05730129390018,90,444,1289.400000000001,2.0,186.0,520.12,20275.379999999997,28.180308988764047,30.282227272727265,5.0093561643835605,5.8863661971830989,17.321994382022471,16.929306818181821,8.0406704119887618,8.4631343283582119,54.2816091954023,,,0.037076923076923077,134.76923076923077,3118.8461538461538,237.69230769230771,674.30769230769226,8.9230769230769234,127.61538461538463,65.735384615384632,24.4,0.38576190476190469,17.182525423728812,2.4790432977005326
6505,32210,21716,JAWA TIMUR,PROBOLINGGO,+07:00,30.0,30.0,1.0,130000,2022-05-24 00:00:00.000000 UTC,2022-07-28 00:00:00.000000 UTC,1200.0,108.33333333333333,65,365,2537.0,2.0,110.0,500.0,55000.0,27.677982051276928,29.329875000000005,4.8942916666718732,6.6087499999999988,22.622728205123074,22.081912698412697,7.76534375,8.023352941176471,,0.056000000000000008,,2.872,198.0,4500.0,780.0,3720.0,0.0,188.4,78.6,619000.0,0.2185,42.307692307692307,5.074
8314,30343,12865,JAWA TENGAH,CILACAP,+07:00,3.0,3.0,1.0,2800,2023-04-07 00:00:00.000000 UTC,2023-05-30 00:00:00.000000 UTC,7.07,396.03960396039605,53,187,21.564000000000011,8.0,130.0,5.2,676.0,30.01063829787234,32.428571428571438,,,25.0,,,,,,,,,,,,,,,,0.16986666666666667,24.142857142857142,4.1469230769230787
8054,32338,19555,JAWA BARAT,CIREBON,+07:00,40.0,21.5,1.65,110000,2022-05-27 00:00:00.000000 UTC,2022-09-03 00:00:00.000000 UTC,860.0,127.90697674418605,99,426,1937.5009999999993,0.0,42.0,662.0,27804.0,27.006216494845368,29.15046739130435,5.2472608695652161,5.6413975903614473,24.929835051546394,24.8779347826087,7.6606701030927828,7.932875,,,,0.45866666666666667,141.2,5772.333333333333,1571.1666666666667,4201.166666666667,28.0,141.0,85.32,2171666.6666666665,0.374845238095238,25.276363636363637,2.926738670694863
8299,31256,17532,JAWA BARAT,CIREBON,+07:00,49.5,38.0,1.2,270900,2022-03-30 00:00:00.000000 UTC,2022-06-10 00:00:00.000000 UTC,1881.0,144.01913875598086,72,360,3100.0,2.0,86.0,991.2,85243.2,28.408450704225359,,4.8,,24.901408450704228,,7.7976056338028163,,46.901408450704231,,,,,,,,,,,,0.29946428571428574,31.466666666666665,3.1275221953188055
8699,37103,21834,,,+07:00,30.0,27.0,1.5,100000,2023-03-21 00:00:00.000000 UTC,2023-05-21 00:00:00.000000 UTC,810.0,123.45679012345678,61,100,493.0,2.0,110.0,170.0,18700.0,29.26261538461538,31.546342105263154,4.5785897435897436,5.9442121212121224,9.8126153846153841,9.8196578947368423,8.2828461538461511,8.5146,,,,,,,,,,,,,0.39363636363636362,18.7,2.9
8317,32208,18789,JAWA TENGAH,CILACAP,+07:00,28.0,25.0,1.0,75000,2022-04-25 00:00:00.000000 UTC,2022-06-28 00:00:00.000000 UTC,700.0,107.14285714285714,64,229,295.20000000000022,,80.0,120.0,9600.0,27.436999999999998,29.374547619047618,5.0194117647058816,5.4897857142857145,25.05596,24.86247619047619,7.70984,8.211875,,,,0.173,137.0,8.4,1.35,7.05,,137.0,50.56,,0.13487804878048781,12.8,2.4600000000000017
8559,38744,16336,BALI,JEMBRANA,+08:00,50.0,34.2,2.0,230826,2023-04-06 00:00:00.000000 UTC,2023-06-10 00:00:00.000000 UTC,1710.0,134.98596491228071,65,112,1202.0,4.0,85.85,403.28,34621.587999999996,,,,,,,7.8421052631578947,,,,,,,,,,,,,,0.23809523809523814,14.998998379731917,2.9805594128149178
9463,33365,19957,JAWA TENGAH,PEMALANG,+07:00,32.0,32.0,1.3,220000,2022-10-09 00:00:00.000000 UTC,2023-01-06 00:00:00.000000 UTC,1024.0,214.84375,89,364,5523.1000000000013,,47.0,2400.0,112800.0,24.444444444444443,,,,9.3555555555555578,,7.9066666666666654,,42.944444444444443,,,,128.11111111111111,,,,,,,,0.36969696969696969,51.272727272727266,2.3012916666666672
6206,22418,20526,JAWA TIMUR,LAMONGAN,+07:00,40.0,30.0,1.4,250000,2022-07-24 00:00:00.000000 UTC,2022-10-15 00:00:00.000000 UTC,1200.0,208.33333333333334,83,83,1476.0,3.0,435.0,920.22,58647.09,27.677777777777777,29.178846153846159,8.94888888888889,7.8653846153846141,20.93333333333333,20.096153846153847,8.4355555555555561,8.7222222222222232,47.622950819672127,,1.409,56.032750000000007,148.2,4361.4,1145.4,3216.0,35.0,113.4,113.5,914583.33333333326,0.3402857142857143,23.458835999999998,1.6039642694138359
7941,19189,15775,JAWA TIMUR,NGANJUK,+07:00,66.77,50.08,2.0,681206,2022-03-07 00:00:00.000000 UTC,2022-05-24 00:00:00.000000 UTC,3638.0,187.2473886750962,78,78,9742.7,,61.0,4257.0,259677.0,28.442201388895828,30.663061224489795,5.095,6.1494897959183668,23.9235625,22.802040816326524,7.8777837837837827,,32.295918367346935,0.1,,,,,,,,,,45.125,0.32656084656084655,38.120186845095319,2.2886304909560726
8312,32192,17626,JAWA TENGAH,CILACAP,+07:00,35.59,28.1,1.0,100000,2022-09-15 00:00:00.000000 UTC,2022-11-05 00:00:00.000000 UTC,1000.0,100.0,51,167,395.50000000000006,1.0,138.0,262.85,36273.3,27.115039215686277,30.003062500000002,5.0170392156862738,5.6238750000000008,35.624058823529431,35.806937499999989,7.8922156862745094,8.17,,,,0.076,140.72666666666666,7659.333333333333,1565.6666666666667,6094.0,30.3,130.62666666666667,77.103333333333325,725000.0,0.33428571428571424,36.273300000000006,1.5046604527296938
10465,35546,18395,KEPULAUAN BANGKA BELITUNG,BANGKA SELATAN,+07:00,51.0,40.0,1.2,250000,2022-09-09 00:00:00.000000 UTC,2022-11-28 00:00:00.000000 UTC,2040.0,122.54901960784314,80,494,3364.0,9.0,79.0,600.0,47400.0,28.541670886075952,30.067979452054789,5.9280253164556971,6.244883561643837,18.028582278481007,17.941125,8.0467341772151855,8.4781666666666666,38.3125,0.0045,,0.023,116.44444444444446,3567.0,678.66666666666674,2860.2222222222222,21.222222222222221,100.77777777777777,61.444444444444443,358888.88888888888,0.13816666666666666,18.96,5.6066666666666665
7997,32188,18149,SUMATERA BARAT,AGAM,+07:00,34.64,25.98,1.0,150000,2022-03-29 00:00:00.000000 UTC,2022-07-18 00:00:00.000000 UTC,900.0,166.66666666666666,111,497,2852.0000000000073,0.0,43.0,770.0,33110.0,27.197371428571426,29.408243055555555,5.1823620689655172,5.7360322580645153,22.018828571428575,21.656076388888891,7.6582571428571429,7.6477380952380951,23.333333333333332,,,,,,,,,,,,0.27554151404151406,22.073333333333334,3.7038961038961133
9308,24758,16341,NUSA TENGGARA BARAT,SUMBAWA,+08:00,25.0,25.0,1.2,120000,2021-10-22 00:00:00.000000 UTC,2022-02-15 00:00:00.000000 UTC,491.0,244.39918533604887,116,214,2144.3499999999972,3.0,183.0,464.0,14661.0,26.164835164835161,28.031914893617024,5.34787234042553,5.0098765432098764,16.9247311827957,15.219780219780221,7.88222222222222,8.0543478260869517,,,,,,,,,,,,,0.35780357142857144,12.217500000000001,4.6214439655172352
1662,35986,16006,JAWA TIMUR,BANYUWANGI,+07:00,50.0,36.6,1.0,130000,2022-09-22 00:00:00.000000 UTC,2023-01-11 00:00:00.000000 UTC,1830.0,71.038251366120221,111,224,5057.613,0.0,38.0,1401.74,53266.12,,,7.2,,17.0,14.0,,,,,,,,,,,,,,,0.24248148148148149,40.973938461538459,3.6080963659451828
8051,34031,18920,JAWA BARAT,CIREBON,+07:00,25.0,13.0,1.0,50000,2020-11-30 00:00:00.000000 UTC,2021-03-02 00:00:00.000000 UTC,325.0,153.84615384615384,92,89,718.40000000000009,1.0,44.4,140.5,6238.2,27.066354838709682,29.625810344827592,5.0608548387096768,5.7106206896551734,23.912870967741938,24.067913793103454,7.7644193548387115,,,,,0.32599999999999996,138.2,6188.6,985.4,5203.4,31.2,107.0,75.838000000000008,1516000.0,0.21843483053182694,12.4764,5.1131672597864775
3009,32248,18140,JAWA TENGAH,JEPARA,+07:00,30.0,30.0,1.0,80000,2022-09-10 00:00:00.000000 UTC,2022-11-23 00:00:00.000000 UTC,900.0,88.888888888888886,74,200,964.5,2.0,65.0,400.0,26000.0,28.606821917808222,30.405936619718315,5.2829726027397266,7.4892042253521147,14.561609589041097,14.337464788732394,7.9009863013698638,8.3911538461538466,,0.012333333333333335,0.07,0.0375,88.333333333333329,2683.3333333333335,483.33333333333331,2283.3333333333335,8.0,87.666666666666657,52.0,319000.0,0.38055555555555554,32.5,2.41125
8790,32294,19294,JAWA TIMUR,SUMENEP,+07:00,50.0,50.0,1.0,66000,2022-08-16 00:00:00.000000 UTC,2022-10-21 00:00:00.000000 UTC,2500.0,26.4,66,61,325.0,13.0,125.0,20.0,2500.0,28.650310606060611,32.072353846153852,4.2310909090909092,10.359384615384615,5.0345151515151541,4.6348,8.0887121212121187,8.7980294117647073,,,,,,,,,,,,,0.16631578947368419,3.7878787878787881,16.25
8997,38729,20259,JAWA BARAT,SUBANG,+07:00,60.0,37.53,2.0,290400,2022-12-19 00:00:00.000000 UTC,2023-05-03 00:00:00.000000 UTC,2252.0,128.95204262877442,135,467,10401.310000000019,3.0,41.8,2464.66,103022.78799999999,,,,,,,8.01884615384615,8.392,,,,,,,,,,,,,0.22979591836734692,35.476166666666664,4.2201804711400435
8286,33525,12862,JAWA BARAT,CIREBON,+07:00,40.0,40.0,2.0,364943,2022-10-10 00:00:00.000000 UTC,2022-12-23 00:00:00.000000 UTC,1600.02,228.08652391845104,74,320,5199.0,,207.0,2691.5,185713.5,27.599999999999998,29.622388059701496,5.1104838709677418,4.8400000000000007,31.134328358208965,31.074626865671632,7.79582089552239,8.1738805970149251,54.64285714285716,0.0,,0.17166666666666666,92.066666666666663,6233.333333333333,596.00000000000011,882.73,1.6000000000000008,90.466666666666654,88.405666666666662,40.366666666666653,0.23166666666666669,50.888357907947267,1.931636633847297
8373,32257,17634,JAWA TENGAH,CILACAP,+07:00,40.0,25.0,1.0,200000,2022-03-16 00:00:00.000000 UTC,2022-07-17 00:00:00.000000 UTC,1000.0,200.0,123,417,3864.2999999999906,0.0,29.0,726.8,21077.199999999997,27.64906481481945,29.935365079365084,5.51826488094643,5.3968444444444437,15.635648148152779,15.69720634920635,7.7700958904109578,8.96,,0.241,,0.041,152.0,7850.0,,,,,103.65,550000.0,0.44854285714285713,10.538599999999999,5.3168684645019137
4540,38760,21020,JAWA BARAT,GARUT,+07:00,65.0,36.2,2.0,305760,2023-02-10 00:00:00.000000 UTC,2023-06-06 00:00:00.000000 UTC,2352.0,130.0,116,300,1742.0,6.0,30.8,376.2,11586.96,,,,,,,8.0086813186813188,8.1,,,,,142.5,,400.0,911.7,,132.0,120.6,,0.39220779220779223,3.7895604395604394,4.6305156831472623
10605,32247,18924,JAWA TIMUR,PACITAN,+07:00,40.0,40.0,1.2,150000,2022-05-15 00:00:00.000000 UTC,2022-09-05 00:00:00.000000 UTC,1600.0,93.75,113,344,3050.0,3.0,32.0,600.0,19200.0,27.819467836254379,29.592700892857128,4.3542046783596495,6.6061741071428557,16.113964912280714,15.825725663716822,7.7377865497105276,8.05,,0.020833333333333332,,0.99416666666666653,159.66666666666669,3150.0,700.0,2450.0,6.4,137.66666666666666,90.833333333333329,396250.0,0.35254478280340351,12.8,5.083333333333333
8053,38700,14693,JAWA BARAT,CIREBON,+07:00,18.0,20.0,1.0,60000,2023-02-17 00:00:00.000000 UTC,2023-04-25 00:00:00.000000 UTC,60.0,1000.0,67,262,428.60000000000019,1.0,108.0,50.0,5400.0,28.187136363636366,31.280230769230766,3.5506818181818187,4.8566153846153846,21.401681818181807,20.383025641025643,7.8494318181818175,,40.0,,,,,,,,,,,,0.20474747474747479,9.0,8.5720000000000045
8335,9986,18923,JAWA TENGAH,CILACAP,+07:00,68.31,51.23,1.35,574000,2022-02-05 00:00:00.000000 UTC,2022-04-21 00:00:00.000000 UTC,3500.0,164.0,75,315,7663.0,,100.0,3290.25,164512.5,29.4,,4.99,,33.0,33.0,8.3,8.3,,,,,,,,,,,,,0.43252721088435375,28.660714285714285,2.329002355444115
10250,27104,20953,JAWA TIMUR,JEMBER,+07:00,66.68,50.01,,423384,2021-11-26 00:00:00.000000 UTC,2022-02-04 00:00:00.000000 UTC,3335.0,126.95172413793104,70,69,4769.0,,168.14999999999998,3369.7799999999997,188876.169,30.275,31.033333333333331,5.45,5.52,,,8.0736734693877565,8.3116666666666674,40.42555555555554,,,,,,,,,,,,0.28210317460317463,44.611078595317728,1.4152259197929837
8367,31471,12853,BALI,JEMBRANA,+08:00,56.28,42.21,1.5,198768,2022-04-19 00:00:00.000000 UTC,2022-07-25 00:00:00.000000 UTC,1000.0,198.768,97,401,1813.7999999999995,17.0,73.98,733.64,27137.3436,27.406593406593416,29.558357142857144,2.7720000000000002,1.329,28.84946236559141,23.142857142857142,8.0451612903225787,8.5625,52.9120879120879,,,0.032999999999999995,110.125,5196.1875,408.4,1162.4375,8.8125000000000018,101.25,96.999999999999986,1104615.3846153845,0.41297161172161173,13.652772880946632,2.4723297530123758
10202,31344,20216,KEPULAUAN BANGKA BELITUNG,BANGKA,+07:00,62.0,18.0,1.0,103708,2022-03-22 00:00:00.000000 UTC,2022-06-17 00:00:00.000000 UTC,1116.0,92.928315412186379,87,488,1708.6,1.0,170.0,267.95,19750.7,28.205852272727277,30.524400000000011,6.18768181818182,6.7915647058823536,19.740329545454543,18.5184,7.7892272727272722,7.964153846153847,42.414772727272712,,,,96.0,6300.0,2000.0,4300.0,,96.0,,140000.0,0.19062962962962965,19.044528869518263,6.3765627915655907
8309,32196,19069,JAWA BARAT,CIREBON,+07:00,30.0,30.0,1.0,145000,2022-10-23 00:00:00.000000 UTC,2022-12-21 00:00:00.000000 UTC,900.0,161.11111111111111,59,167,179.90000000000015,13.0,105.0,51.08,5363.4,27.877067796610177,30.018160714285706,4.8097407407407387,5.64624,30.956830508474578,31.350499999999993,7.830813559322034,8.2800000000000011,,,,,,,,,,,,,0.46696428571428578,3.6988965517241374,3.5219263899765103
8321,7385,15305,JAWA TENGAH,CILACAP,+07:00,64.59,47.59,1.25,302049,2023-05-14 00:00:00.000000 UTC,2023-06-30 00:00:00.000000 UTC,2999.95,100.68467807796797,47,174,1177.0,,203.0,194.0,39382.0,26.087150000000005,28.044444444444444,4.8317777777777771,4.6566666666666663,25.02288636363636,25.0,8.0478636363636369,8.3068965517241367,39.439999999999991,,,0.0662857142857143,146.0,,365.71428571428572,940.81428571428569,4.0,144.85714285714286,,605569.44444444438,0.22333333333333338,13.038281868173707,6.06701030927835
8933,30609,19068,BANTEN,,+07:00,50.0,37.0,1.4,270000,2022-10-25 00:00:00.000000 UTC,2023-01-18 00:00:00.000000 UTC,1850.0,145.94594594594594,85,324,2324.9800000000005,0.0,185.0,305.0,56425.0,28.570103092783494,29.866666666666674,5.4389610389610388,,,15.958333333333334,8.17123711340206,8.7089655172413778,46.455696202531641,0.147,,0.012809523809523807,122.69047619047619,2992.545454545455,219.33333333333331,607.44999999999993,7.7272727272727266,107.45454545454545,49.058181818181815,150000.0,0.086450216450216444,20.898148148148149,7.6228852459016405
6259,32245,18028,JAWA TIMUR,BANYUWANGI,+07:00,50.0,30.0,1.5,100000,2022-06-09 00:00:00.000000 UTC,2022-09-19 00:00:00.000000 UTC,1500.0,66.666666666666671,102,272,1469.0,1.0,41.0,511.23,20960.43,27.537382653061215,29.06637878787879,4.7227040816326511,5.8393434343434336,18.928163265306125,18.497474747474755,7.6878367346938825,8.0288,,0.039428571428571424,,1.854,143.42857142857142,3971.4285714285711,700.0,3271.4285714285711,8.0,139.42857142857142,89.571428571428569,300416.66666666669,0.25769230769230766,20.96043,2.8734620425248907
10967,33297,15221,JAWA TIMUR,BANYUWANGI,+07:00,28.0,24.0,150.0,150000,2022-06-12 00:00:00.000000 UTC,2022-08-07 00:00:00.000000 UTC,672.0,223.21428571428572,56,218,820.27999999999986,0.0,150.0,600.0,90000.0,25.701903846153851,28.95675510204082,5.5645833333333341,7.6493181818181819,17.956576923076923,46.244579999999992,7.77873076923077,8.306,,,0.82500000000000007,0.0,118.0,,,,0.0,118.0,104.47749999999999,1530000.0,0.22566666666666665,60.0,1.3671333333333331
8541,27259,16339,BALI,JEMBRANA,+08:00,30.0,48.34,1.3,302250,2022-03-10 00:00:00.000000 UTC,2022-06-24 00:00:00.000000 UTC,1450.0,208.44827586206895,106,164,7349.8,,34.5,2797.05,96498.225,28.481132075471692,30.88461538461539,,4.4799999999999995,22.122641509433958,22.124999999999996,8.04339622641509,8.2203883495145611,39.669811320754718,,,0.057499999999999996,263.5,,,,26.0,237.5,156.0,165000.0,0.3125,31.9266253101737,2.6276970379506981
8898,35565,18025,BALI,JEMBRANA,+08:00,40.0,35.0,1.2,210000,2022-11-14 00:00:00.000000 UTC,2023-02-12 00:00:00.000000 UTC,1400.0,150.0,90,575,2951.2079999999996,11.0,125.92,590.77,74389.758399999992,27.381355555555565,28.56772222222223,5.5856555555555554,5.6790111111111123,15.832379120879123,15.625922222222224,7.8369500000000007,8.16675384615385,38.898876404494366,0.25,,2.6666666666666665,90.0,,200.0,583.33333333333337,,,,100.0,0.11824255952380952,35.42369447619047,4.9955278704064181
10325,20917,12857,SULAWESI TENGAH,DONGGALA,+08:00,53.0,52.0,1.5,296720,2022-07-19 00:00:00.000000 UTC,2022-10-23 00:00:00.000000 UTC,2756.0,107.6632801161103,96,95,5840.0,,101.12,3113.66,157426.6496,27.262337662337664,,5.4403896103896141,,23.739583333333339,,7.708958333333336,,44.989473684210523,0.034999999999999996,,1.1375,122.30769230769229,831.66666666666674,333.33333333333337,910.90909090909088,22.5,118.84615384615384,98.999999999999986,442307.69230769231,0.28621031746031744,53.055624696683743,1.8756061997777536
6084,38791,18828,JAWA TENGAH,PURWOREJO,+07:00,35.0,20.0,1.0,90000,2023-02-26 00:00:00.000000 UTC,2023-04-23 00:00:00.000000 UTC,700.0,128.57142857142858,56,147,790.80000000000064,0.0,110.0,514.0,56540.0,28.928324324324322,31.107027027027033,3.9714594594594592,4.4530810810810806,12.434162162162165,11.767702702702705,8.0584054054054057,8.2456666666666667,,,,,,,,,,,,,0.22755555555555554,62.822222222222223,1.5385214007782113
7996,33758,15413,SUMATERA BARAT,AGAM,+07:00,40.0,40.0,1.0,150000,2021-05-06 00:00:00.000000 UTC,2021-07-25 00:00:00.000000 UTC,1600.0,93.75,80,81,1316.6000000000001,,45.0,1700.0,76500.0,27.969353846153847,29.453781250000002,4.1112692307692305,6.875828125,21.24668461538462,20.692015625,7.605546153846154,8.0045833333333327,,,,,,,,,,,,,0.16666666666666663,51.0,0.77447058823529424
9751,38368,12869,JAWA TIMUR,JEMBER,+07:00,40.0,40.0,1.2,240000,2023-03-03 00:00:00.000000 UTC,2023-04-16 00:00:00.000000 UTC,1600.0,150.0,44,163,598.70000000000016,4.0,185.0,314.74,58226.9,27.608906976744187,29.958287500000004,6.6597906976744206,7.4304625,13.12603488372093,12.987937500000001,7.8007441860465114,8.4012631578947374,46.279069767441868,,,0.065333333333333327,96.666666666666657,2460.0,675.0,1850.0,0.0,96.666666666666657,62.666666666666671,1600000.0,0.29857142857142854,24.261208333333332,1.9022049945987169
10324,24570,18591,SULAWESI TENGAH,DONGGALA,+08:00,10.71,8.03,1.0,24000,2023-03-04 00:00:00.000000 UTC,2023-05-16 00:00:00.000000 UTC,86.0,279.06976744186045,73,73,267.0,3.0,47.0,80.0,3760.0,27.0,,,,,,8.1111111111111125,,,,,,,,,,,,,,0.53233333333333333,15.666666666666668,3.3375
869,33270,15802,SULAWESI SELATAN,BARRU,+08:00,40.0,25.0,1.0,110000,2022-06-11 00:00:00.000000 UTC,2022-09-17 00:00:00.000000 UTC,1000.0,110.0,98,238,3130.7700000000004,4.0,39.0,1098.0,42822.0,27.136268041237116,28.9062,5.229413793103447,5.7417228915662655,23.718260416666674,23.447617977528083,7.6947216494845323,8.02613333333333,,,,0.53866666666666663,115.66666666666667,6.3233333333333333,1.4716666666666667,4.852,28.0,106.33333333333333,91.01,,0.35848148148148151,38.92909090909091,2.8513387978142082
9225,32305,16708,JAWA TENGAH,KENDAL,+07:00,46.0,35.0,1.7,150000,2022-03-30 00:00:00.000000 UTC,2022-07-09 00:00:00.000000 UTC,1650.0,90.9090909090909,101,180,1704.5,6.0,42.0,120.0,5040.0,28.146045454545451,30.1829375,5.8468490566037721,6.9068000000000023,10.363742424242423,9.9923437500000034,7.6400151515151515,8.13875,50.0,0.016,,0.065,90.0,1866.5,505.0,1361.5,4.0,87.5,60.0,422500.0,0.69200113378684835,3.36,14.204166666666667
10229,38253,19306,JAWA TIMUR,JEMBER,+07:00,50.0,50.0,1.2,325000,2023-03-13 00:00:00.000000 UTC,2023-07-02 00:00:00.000000 UTC,2500.0,130.0,111,492,7077.0,,161.0,1586.99,74154.989999999991,28.8,28.761038961038963,7.24,5.3211688311688317,29.486486486486484,,7.9045045045045068,8.22314814814815,45.537383177570092,,,1.1865483870967741,142.73684210526315,5377.7777777777783,397.77777777777777,1009.6555555555555,1.0526315789473686,141.68421052631584,109.28,364000.0,0.20558730158730165,22.816919999999996,4.459385377349574
2300,39157,16483,BALI,BULELENG,+08:00,50.0,40.0,1.4,450000,2023-03-18 00:00:00.000000 UTC,2023-06-06 00:00:00.000000 UTC,2000.0,225.0,80,79,5709.0,1.0,50.65,2539.86,128643.909,28.762307692307694,30.306428571428572,5.6184615384615384,6.3907142857142851,25.637692307692308,25.522857142857141,7.6530769230769229,8.04,20.0,,,,,,,,,,,,0.39292517006802719,28.587535333333335,2.2477616876520754
8339,35754,20948,JAWA BARAT,CIREBON,+07:00,35.0,40.0,2.0,250000,2022-10-30 00:00:00.000000 UTC,2023-01-05 00:00:00.000000 UTC,1400.0,178.57142857142858,67,280,3032.8000000000011,,54.0,2700.0,145800.0,30.0,,,,6.0808823529411757,,7.83014705882353,,33.137681159420275,,,,,,,,,,,,0.32799999999999996,58.320000000000007,1.1232592592592596
2527,13250,12348,LAMPUNG,PESAWARAN,+07:00,53.04,39.78,3.0,200000,2022-11-29 00:00:00.000000 UTC,2023-03-09 00:00:00.000000 UTC,2110.0,94.7867298578199,100,479,4801.0,1.0,78.0,1793.1000000000001,69930.900000000009,27.634548387096782,29.458440860215049,6.4151346153846154,8.66609433962264,10.174424731182796,10.464893617021275,7.9690804597701135,8.32476923076923,40.842391304347821,0.13636363636363638,,0.51828571428571424,157.01333333333335,2132.4285714285716,611.42857142857144,1521.2857142857144,5.3333333333333339,143.14285714285714,112.85714285714286,2160000.0,0.36275703463203463,34.965450000000004,2.67748591824215
2660,37063,20024,JAWA BARAT,SUBANG,+07:00,40.0,40.0,1.2,160000,2022-12-04 00:00:00.000000 UTC,2023-04-18 00:00:00.000000 UTC,1600.0,100.0,135,712,5422.8249999999816,10.0,29.0,799.0,23171.0,27.119410447761197,28.80131851851851,4.983216417910449,5.5212592592592591,16.537910447761195,16.455999999999992,8.0087388059701485,8.3592424242424261,40.503731343283576,1.1250000000000002,,1.0285714285714285,130.71428571428569,,267.20000000000005,611.53846153846143,,,,646447.3684210527,0.28792517006802715,14.481874999999999,6.7870150187734435
8730,28946,20401,BALI,JEMBRANA,+07:00,40.0,30.0,,184128,2021-11-18 00:00:00.000000 UTC,2022-02-17 00:00:00.000000 UTC,1200.0,153.44,91,268,1817.0,,103.5,295.44,12050.07,,30.0,,5.0,22.0,22.0,7.9,,,0.0475,,0.0666,91.666666666666657,2960.0,540.0,2420.0,32.0,87.6,85.2,597.5,0.38043650793650791,6.54439846193952,6.1501489304088821
8506,37101,17187,,,+07:00,30.0,14.5,1.5,75000,2023-02-19 00:00:00.000000 UTC,2023-04-12 00:00:00.000000 UTC,899.0,83.426028921023359,52,168,199.20000000000033,19.0,200.0,90.0,18000.0,29.330615384615385,31.334189189189182,4.77423076923077,4.9555135135135115,16.824205128205129,16.831216216216216,8.1043333333333312,8.3634444444444451,46.666666666666664,,,,,,,,,,,,0.205,24.0,2.2133333333333369
10232,23998,19261,JAWA TIMUR,JEMBER,+07:00,46.19,34.64,1.0,288000,2022-09-30 00:00:00.000000 UTC,2022-12-26 00:00:00.000000 UTC,1600.0,180.0,87,93,3711.0020000000004,5.0,65.0,1187.24,77170.6,,29.6,,3.3,23.0,,8.2,,,,,,,,,,,,,,0.19714285714285718,26.795347222222226,3.1257386880495943
10256,32213,17832,JAWA TIMUR,JEMBER,+07:00,95.0,28.0,1.5,200000,2022-07-09 00:00:00.000000 UTC,2022-09-13 00:00:00.000000 UTC,2660.0,75.187969924812023,66,65,986.0,1.0,140.0,70.0,9800.0,27.3367131147541,29.3429140625,5.4935901639344245,6.4373828125000019,12.653912568311476,12.207343749999998,8.1029590163934415,8.2966521739130421,,0.172,,0.093,192.0,2500.0,600.0,1900.0,24.0,168.0,67.0,470000.0,0.14472222222222222,4.9,14.085714285714285
8325,32939,18760,JAWA TENGAH,CILACAP,+07:00,26.5,26.4,1.6,85000,2022-05-25 00:00:00.000000 UTC,2022-07-31 00:00:00.000000 UTC,701.0,121.25534950071327,67,268,549.19999999999879,3.0,65.0,150.0,9750.0,27.70901538461538,28.18166153846154,5.1599384615384611,5.8859153846153829,22.130046153846155,22.497653846153845,7.9740999999999991,8.2445555555555554,30.0,0.0125,,0.026250000000000002,141.0,3875.0,850.0,3025.0,21.0,120.0,52.5,330625.0,0.24230769230769231,11.470588235294118,3.6613333333333253
9375,12535,18958,,,+07:00,57.74,43.3,1.48,250000,2021-05-24 00:00:00.000000 UTC,2021-08-17 00:00:00.000000 UTC,1000.0,250.0,85,88,4737.0,,47.78,546.72,26122.281600000002,27.159999999999997,29.124999999999993,,,,,7.7320000000000011,,32.2,,,,,,,,,,,,0.36551587301587296,10.448912640000001,8.6643985952589979
2526,32218,20190,LAMPUNG,PESAWARAN,+07:00,30.0,28.0,1.2,147000,2022-09-23 00:00:00.000000 UTC,2022-12-02 00:00:00.000000 UTC,840.0,175.0,70,262,835.1,3.0,69.0,300.0,20700.0,28.816308823529415,30.704298507462685,6.0113529411764688,6.4833484848484844,9.70773529411765,9.4467089552238779,8.0844705882352912,8.5174285714285709,,0.021799999999999996,,0.0696,113.2,2400.0,420.0,1640.0,0.0,110.0,52.8,976500.0,0.40666666666666662,14.081632653061224,2.783666666666667
9501,19174,15490,JAWA TIMUR,PROBOLINGGO,+07:00,69.04,51.78,1.5,436280,2022-07-02 00:00:00.000000 UTC,2022-10-12 00:00:00.000000 UTC,3575.0,122.03636363636363,102,95,9026.0,7.0,31.2,3229.8,100769.76000000001,27.260344827586209,29.456140350877202,,,16.791208791208792,16.911290322580644,8.5054945054945037,,43.690217391304337,,,0.028916666666666667,174.84615384615387,3433.5384615384619,658.23076923076928,4990.6923076923076,19.5,160.07692307692307,136.53846153846152,411153.84615384613,0.39066269841269841,23.097497020262221,2.794600284847359
6282,32215,21413,SULAWESI SELATAN,BARRU,+08:00,90.0,30.0,2.0,380000,2022-06-30 00:00:00.000000 UTC,2022-09-29 00:00:00.000000 UTC,2700.0,140.74074074074073,91,98,3469.0,3.0,154.0,409.65999999999997,30527.42,27.137761363636372,29.510022222222226,5.3938749999999986,6.510022222222223,8.5406079545454574,8.3025888888888879,8.4178011363636376,8.7513333333333332,,0.09975,,0.034749999999999996,286.0,2025.0,525.0,1500.0,37.333333333333329,258.0,57.5,561875.0,0.35382783882783886,8.0335315789473682,8.4679978518771666
3550,34064,19640,JAWA BARAT,INDRAMAYU,+07:00,60.0,60.0,1.5,1037458,2022-03-28 00:00:00.000000 UTC,2022-06-06 00:00:00.000000 UTC,3600.0,288.1827777777778,70,69,6808.0,,237.71,643.39,52737.9688,26.77272727272727,,,,26.0,,7.8916666666666666,,,2.7615454545454541,13.0,0.3875,129.16666666666666,,,,,123.75,,,0.30433862433862441,5.0833835008260584,10.581451374749374
8345,32180,18653,BALI,JEMBRANA,+08:00,34.5,29.0,1.0,125000,2022-08-29 00:00:00.000000 UTC,2022-12-15 00:00:00.000000 UTC,1001.0,124.87512487512487,108,509,2950.1999999999994,1.0,32.0,651.0,20832.0,27.629074766355135,30.020619047619039,4.6084953271028031,5.6453523809523807,26.004672897196254,25.950066666666679,7.8505514018691587,8.192775000000001,,,,,,,,,,,,,0.28378968253968256,16.6656,4.53179723502304
10235,24265,17403,JAWA TIMUR,JEMBER,+07:00,28.28,21.21,1.0,85000,2023-02-25 00:00:00.000000 UTC,2023-06-13 00:00:00.000000 UTC,600.0,141.66666666666666,108,108,2212.0,1.0,29.0,809.0,23461.0,27.834722222222219,30.060377358490573,,,4.1388888888888875,4.132075471698113,8.0250000000000039,8.2933333333333348,39.732142857142875,0.187,,0.094,164.0,,,,16.0,148.0,,,0.4387610722610723,27.601176470588236,2.7342398022249692
10158,32309,20949,JAWA TIMUR,SITUBONDO,+07:00,32.0,32.0,1.4,250000,2022-04-06 00:00:00.000000 UTC,2022-07-01 00:00:00.000000 UTC,1024.0,244.140625,86,340,5185.4000000000015,,40.0,5000.0,200000.0,,,,,9.0232558139534849,,7.9697674418604665,,38.523255813953462,,,,150.23255813953494,,,,,,,,0.49999999999999994,80.0,1.0370800000000002
8529,31877,15516,JAWA BARAT,CIREBON,+07:00,55.85,41.88,1.2,315000,2022-11-05 00:00:00.000000 UTC,2023-01-03 00:00:00.000000 UTC,2339.0,134.67293715262932,59,226,492.61999999999944,35.0,173.22,222.20000000000002,12829.828,27.526315789473678,29.131719298245613,,3.8405,25.929824561403507,22.249,8.3862068965517214,8.7797931034482772,32.017543859649123,,,0.029625000000000002,120.24999999999999,5000.0,385.0,1121.375,19.0,101.25,83.249999999999986,2209062.5,0.66785714285714293,4.07296126984127,2.2170117011701143
5275,24193,14096,BANTEN,PANDEGLANG,+07:00,53.0,25.0,2.0,150000,2022-07-15 00:00:00.000000 UTC,2022-10-16 00:00:00.000000 UTC,1325.0,113.20754716981132,93,148,3084.7,,55.0,1098.0,60390.0,26.588636363636358,32.0,0.0,,18.193181818181813,18.0,7.7086363636363631,,32.661290322580633,0.0,0.0,0.0,0.0,0.0,0.0,0.0,0.0,0.0,0.0,0.0,0.31085714285714283,40.26,2.8093806921675775
8903,32399,19310,JAWA TENGAH,CILACAP,+07:00,45.0,45.0,2.0,150000,2022-08-13 00:00:00.000000 UTC,2022-10-20 00:00:00.000000 UTC,2025.0,74.074074074074076,68,99,649.0,3.0,100.0,80.0,8000.0,27.851560606060602,29.690984615384615,5.6067575757575749,6.5021076923076917,12.694166666666666,12.3848,8.01801515151515,8.4338421052631567,,5.02625,,249.01374999999996,85.5,2750.0,600.0,2150.0,16.0,74.5,52.0,148855.0,0.1295,5.3333333333333339,8.1125
7767,32212,21599,JAWA BARAT,PANGANDARAN,+07:00,40.0,35.0,1.0,180000,2022-05-13 00:00:00.000000 UTC,2022-08-13 00:00:00.000000 UTC,1400.0,128.57142857142858,92,369,2705.9000000000055,2.0,118.0,856.0,44168.0,27.515740740744452,28.455735955056181,4.959025925922222,6.0224494382022487,20.63563003662637,20.733061797752804,7.7928131868131842,8.1482380952380922,20.4,0.0356,,0.96116666666666661,171.5,4067.8333333333335,794.16666666666663,3273.666666666667,29.5,161.5,81.5,445500.0,0.29971717171717172,24.537777777777777,3.1610981308411281
8417,33516,16159,,,+07:00,30.0,35.0,1.3,170000,2022-06-16 00:00:00.000000 UTC,2022-09-06 00:00:00.000000 UTC,750.0,226.66666666666666,82,327,3899.0999999999967,0.0,47.0,700.0,32900.0,30.0,32.0,,,12.214285714285714,12.878048780487802,7.9198412698333325,8.1487179487179535,18.721951219512196,,,,123.85542168674698,,,,,,,,0.43055555555555552,19.352941176470591,5.5701428571428524
10248,36088,16958,JAWA TIMUR,JEMBER,+07:00,57.0,57.0,1.2,468640,2022-08-14 00:00:00.000000 UTC,2022-11-30 00:00:00.000000 UTC,3249.0,144.24130501692829,108,110,12475.0,0.0,38.6,6090.19,235081.334,27.777777777777775,28.5,,,34.648148148148145,33.0,7.6981481481481486,7.8,35.444545454545455,,,,,,,,,,,,0.31835317460317464,50.162456043018096,2.0483761590360894
9794,32228,22404,JAWA TIMUR,JEMBER,+07:00,34.64,34.64,1.7,150000,2022-07-05 00:00:00.000000 UTC,2022-09-09 00:00:00.000000 UTC,1200.0,125.0,66,249,1373.900000000001,2.0,41.0,581.0,23821.0,27.335969230769237,28.679918032786894,4.5116461538461534,6.2106065573770488,25.688076923076924,25.356852459016384,7.842123076923075,8.032692307692308,,0.026999999999999996,,0.32933333333333331,151.33333333333334,4900.0,733.33333333333337,4166.666666666667,12.0,139.33333333333334,96.333333333333329,807500.0,0.38487499999999997,15.880666666666668,2.3647160068846831
7926,33945,18360,JAWA TENGAH,KENDAL,+07:00,30.0,30.0,1.5,400000,2022-12-01 00:00:00.000000 UTC,2023-02-17 00:00:00.000000 UTC,699.9,571.51021574510651,78,473,5596.7249999999995,2.0,69.4,958.6,66526.840000000011,26.50561797752809,28.340229885057468,5.07865168539326,5.18390804597701,25.202247191011239,25.248275862068962,7.9431460674157277,7.9420987654321,41.106439393943155,342.88333333333338,0.0,4185.1247,187.3,,568.59999999999991,1306.0909090909092,7.1428571428571423,153.14285714285714,52.558571428571426,129.49285714285713,0.20772395833333332,16.63171,5.83843626121427
8306,18394,17633,JAWA BARAT,CIREBON,+07:00,26.52,19.89,1.6,96866,2021-11-04 00:00:00.000000 UTC,2022-01-09 00:00:00.000000 UTC,1000.0,96.866,66,236,1819.0,,82.09,117.11,9613.5599,28.0483870967742,29.306451612903228,5.227741935483869,4.6920967741935486,,25.306451612903217,7.6206153846153857,7.968548387096777,,,,,,,,,,,,,0.33428571428571424,9.92459676253794,15.532405430791563
8318,23703,10711,JAWA TENGAH,CILACAP,+07:00,38.3,28.72,,115600,2021-07-24 00:00:00.000000 UTC,2021-10-04 00:00:00.000000 UTC,1100.0,105.09090909090909,72,71,626.10000000000059,2.0,64.0,252.0,16128.0,27.935550724637675,30.852246153846153,2.658367647058824,4.0041328125000009,11.175826086956523,10.620338461538459,8.1941304347826041,8.7043947368421044,50.0,0.029,,0.0345,138.0,2647.0,529.5,2117.5,4.5,134.0,59.5,134750.0,0.12341269841269843,13.951557093425606,2.4845238095238118
3,33291,19808,JAWA TENGAH,PURWOREJO,+07:00,30.0,25.0,1.0,125000,2022-09-15 00:00:00.000000 UTC,2022-11-05 00:00:00.000000 UTC,750.0,166.66666666666666,51,181,568.69999999999948,1.0,226.0,475.45,107451.7,26.987000000000005,29.653604166666675,5.0305098039215688,5.6707083333333337,33.655960784313727,33.896895833333332,7.9417254901960783,8.3430833333333343,,,,0.11466666666666667,148.80666666666667,6902.0,1229.0,5673.0,32.32,116.48666666666666,70.783333333333331,1325000.0,0.11857142857142858,85.96136,1.1961299821221989
8304,32730,20076,JAWA TENGAH,CILACAP,+07:00,64.0,14.0,1.5,20000,2022-05-19 00:00:00.000000 UTC,2022-06-23 00:00:00.000000 UTC,896.0,22.321428571428573,35,32,14.599999999999994,20.0,236.0,25.0,5900.0,27.968970588235294,30.56858064516129,3.7452592592592593,5.1402222222222225,24.188441176470583,24.323096774193544,7.6592058823529419,8.0240000000000009,,,,,,,,,,,,,0.025000000000000022,29.5,0.58399999999999974
8375,38592,16008,,,+07:00,30.0,18.0,1.0,100000,2023-02-11 00:00:00.000000 UTC,2023-04-12 00:00:00.000000 UTC,540.0,185.18518518518519,60,208,955.60000000000025,2.0,120.0,630.0,75600.0,29.371928571428576,31.214357142857143,4.6692857142857136,5.1192380952380958,14.114738095238094,13.740833333333335,7.9233333333333347,8.0628181818181819,,,,,,,,,,,,,0.17373015873015873,75.6,1.5168253968253973
8319,32458,17860,JAWA TENGAH,CILACAP,+07:00,60.0,30.0,1.0,40000,2022-06-03 00:00:00.000000 UTC,2022-07-21 00:00:00.000000 UTC,1200.0,33.333333333333336,48,53,112.80000000000003,9.0,200.0,105.5,21100.0,27.324775510204077,29.7618125,3.7526734693877555,8.580312499999998,11.149693877551019,10.818562500000002,7.9201224489795932,8.0398888888888891,,,0.5,0.0,180.0,,,,0.0,180.0,82.16,1060000.0,0.12958333333333333,52.75,1.0691943127962087